databaseId,name,workflowName,displayTitle,event,headBranch,status,conclusion,createdAt,updatedAt,url
25104952224,M19 rewriting reproduction,M19 rewriting reproduction,M19 rewriting reproduction,workflow_dispatch,main,completed,failure,2026-04-29T10:57:25Z,2026-04-29T10:58:54Z,https://github.com/tinchopmanya/collatz/actions/runs/25104952224
25104952228,M19 rewriting challenge search,M19 rewriting challenge search,M19 rewriting challenge search,workflow_dispatch,main,completed,success,2026-04-29T10:57:25Z,2026-04-29T10:59:13Z,https://github.com/tinchopmanya/collatz/actions/runs/25104952228
25104952325,M19 AProVE challenge search,M19 AProVE challenge search,M19 AProVE challenge search,workflow_dispatch,main,completed,success,2026-04-29T10:57:25Z,2026-04-29T11:02:06Z,https://github.com/tinchopmanya/collatz/actions/runs/25104952325
25105347510,M19 rewriting reproduction,M19 rewriting reproduction,M19 rewriting reproduction,workflow_dispatch,main,completed,failure,2026-04-29T11:06:59Z,2026-04-29T11:08:25Z,https://github.com/tinchopmanya/collatz/actions/runs/25105347510
25105347516,M19 AProVE environment probe,M19 AProVE environment probe,M19 AProVE environment probe,workflow_dispatch,main,completed,success,2026-04-29T11:06:59Z,2026-04-29T11:08:31Z,https://github.com/tinchopmanya/collatz/actions/runs/25105347516
25105347569,M19 rewriting challenge search,M19 rewriting challenge search,M19 rewriting challenge search,workflow_dispatch,main,completed,success,2026-04-29T11:06:59Z,2026-04-29T11:12:20Z,https://github.com/tinchopmanya/collatz/actions/runs/25105347569
25105375622,M19 Matchbox challenge search,M19 Matchbox challenge search,M19 Matchbox challenge search,workflow_dispatch,main,completed,success,2026-04-29T11:07:41Z,2026-04-29T11:08:49Z,https://github.com/tinchopmanya/collatz/actions/runs/25105375622
25105647983,M19 rewriting challenge search,M19 rewriting challenge search,M19 rewriting challenge search,workflow_dispatch,main,completed,success,2026-04-29T11:14:09Z,2026-04-29T11:15:43Z,https://github.com/tinchopmanya/collatz/actions/runs/25105647983
25105756640,M19 rewriting challenge search,M19 rewriting challenge search,M19 rewriting challenge search,workflow_dispatch,main,completed,success,2026-04-29T11:16:44Z,2026-04-29T11:18:14Z,https://github.com/tinchopmanya/collatz/actions/runs/25105756640
25105756807,M19 rewriting reproduction,M19 rewriting reproduction,M19 rewriting reproduction,workflow_dispatch,main,completed,success,2026-04-29T11:16:44Z,2026-04-29T11:18:22Z,https://github.com/tinchopmanya/collatz/actions/runs/25105756807
25105756825,M19 AProVE environment probe,M19 AProVE environment probe,M19 AProVE environment probe,workflow_dispatch,main,completed,success,2026-04-29T11:16:44Z,2026-04-29T11:18:28Z,https://github.com/tinchopmanya/collatz/actions/runs/25105756825
25105972129,M19 AProVE challenge search,M19 AProVE challenge search,M19 AProVE challenge search,workflow_dispatch,main,completed,success,2026-04-29T11:21:58Z,2026-04-29T11:26:36Z,https://github.com/tinchopmanya/collatz/actions/runs/25105972129
